{
    "roc_auc": 1.0,
    "pr_auc": 0.9999999999999998,
    "classification_report": {
        "0": {
            "precision": 0.9994780793319415,
            "recall": 1.0,
            "f1-score": 0.9997389715478987,
            "support": 1915.0
        },
        "1": {
            "precision": 1.0,
            "recall": 0.9882352941176471,
            "f1-score": 0.9940828402366864,
            "support": 85.0
        },
        "accuracy": 0.9995,
        "macro avg": {
            "precision": 0.9997390396659708,
            "recall": 0.9941176470588236,
            "f1-score": 0.9969109058922925,
            "support": 2000.0
        },
        "weighted avg": {
            "precision": 0.999500260960334,
            "recall": 0.9995,
            "f1-score": 0.9994985859671722,
            "support": 2000.0
        }
    },
    "confusion_matrix": [
        [
            1915,
            0
        ],
        [
            1,
            84
        ]
    ]
}